{
    "features": [
        "hour",
        "day_of_week",
        "month",
        "is_weekend",
        "temperature",
        "humidity",
        "precipitation",
        "wind_speed",
        "solar_radiation"
    ],
    "xgb": [
        0.09420470893383026,
        0.057989705353975296,
        0.36026787757873535,
        0.053197529166936874,
        0.18470098078250885,
        0.06472264975309372,
        0.05510707199573517,
        0.06504087150096893,
        0.06476863473653793
    ],
    "rf": [
        0.10261366571409508,
        0.03917974138923118,
        0.3074691835420635,
        0.0012468033460121708,
        0.38478563072532773,
        0.050712810994670586,
        0.012885632333649083,
        0.06443263926848777,
        0.03667389268646295
    ]
}